region,year,ev_sales,global_car_sales,ice_sales,ev_sales_share,ev_sales_share_change,ev_sales_share_growth,ev_sales_growth
Australia,2011,49,71200000,71199951,7e-05,0.0,0.0,0.0
Australia,2012,170,73800000,73799830,0.00023,0.00016,228.6,246.9
Australia,2013,190,77500000,77499810,0.00025,1.9999999999999998e-05,8.7,11.8
Australia,2014,370,80000000,79999630,0.00046,0.00021,84.0,94.7
Australia,2015,760,81800000,81799240,0.00093,0.00047000000000000004,102.2,105.4
Australia,2016,670,86400000,86399330,0.00078,-0.00015000000000000007,-16.1,-11.8
Australia,2017,1200,86300000,86298800,0.00139,0.00061,78.2,79.1
Australia,2018,1800,85600000,85598200,0.0021,0.0007099999999999999,51.1,50.0
Australia,2019,6300,81300000,81293700,0.00775,0.0056500000000000005,269.0,250.0
Australia,2020,5200,71800000,71794800,0.00724,-0.00051,-6.6,-17.5
Australia,2021,17000,74900000,74883000,0.0227,0.015460000000000002,213.5,226.9
Australia,2022,33000,74800000,74767000,0.04412,0.021419999999999998,94.4,94.1
Austria,2013,650,77500000,77499350,0.00084,0.0,0.0,0.0
Austria,2014,1700,80000000,79998300,0.00213,0.00129,153.6,161.5
Austria,2015,1700,81800000,81798300,0.00208,-5.000000000000013e-05,-2.3,0.0
Austria,2016,3800,86400000,86396200,0.0044,0.0023200000000000004,111.5,123.5
Austria,2017,5400,86300000,86294600,0.00626,0.0018599999999999997,42.3,42.1
Austria,2018,6800,85600000,85593200,0.00794,0.0016799999999999992,26.8,25.9
Austria,2019,9300,81300000,81290700,0.01144,0.0035000000000000014,44.1,36.8
Austria,2020,16000,71800000,71784000,0.02228,0.01084,94.8,72.0
Austria,2021,33000,74900000,74867000,0.04406,0.02178,97.8,106.2
Austria,2022,34000,74800000,74766000,0.04545,0.0013899999999999954,3.2,3.0
Belgium,2010,48,66700000,66699952,7e-05,0.0,0.0,0.0
Belgium,2011,280,71200000,71199720,0.00039,0.00031999999999999997,457.1,483.3
Belgium,2012,570,73800000,73799430,0.00077,0.00037999999999999997,97.4,103.6
Belgium,2013,500,77500000,77499500,0.00065,-0.00011999999999999999,-15.6,-12.3
Belgium,2014,1300,80000000,79998700,0.00162,0.0009699999999999999,149.2,160.0
Belgium,2015,1400,81800000,81798600,0.00171,9.000000000000002e-05,5.6,7.7
Belgium,2016,2100,86400000,86397900,0.00243,0.0007199999999999999,42.1,50.0
Belgium,2017,2700,86300000,86297300,0.00313,0.0007000000000000001,28.8,28.6
Belgium,2018,3600,85600000,85596400,0.00421,0.0010800000000000002,34.5,33.3
Belgium,2019,8800,81300000,81291200,0.01082,0.0066099999999999996,157.0,144.4
Belgium,2020,15000,71800000,71785000,0.02089,0.010069999999999999,93.1,70.5
Belgium,2021,23000,74900000,74877000,0.03071,0.009820000000000002,47.0,53.3
Belgium,2022,38000,74800000,74762000,0.0508,0.020089999999999997,65.4,65.2
Brazil,2012,74,73800000,73799926,0.0001,0.0,0.0,0.0
Brazil,2013,130,77500000,77499870,0.00017,7.000000000000001e-05,70.0,75.7
Brazil,2014,61,80000000,79999939,8e-05,-9e-05,-52.9,-53.1
Brazil,2015,59,81800000,81799941,7e-05,-1.0000000000000013e-05,-12.5,-3.3
Brazil,2016,130,86400000,86399870,0.00015,7.999999999999999e-05,114.3,120.3
Brazil,2017,25,86300000,86299975,3e-05,-0.00011999999999999999,-80.0,-80.8
Brazil,2018,66,85600000,85599934,8e-05,5.000000000000001e-05,166.7,164.0
Brazil,2019,540,81300000,81299460,0.00066,0.00058,725.0,718.2
Brazil,2020,680,71800000,71799320,0.00095,0.00029,43.9,25.9
Brazil,2021,2900,74900000,74897100,0.00387,0.0029200000000000003,307.4,326.5
Brazil,2022,8500,74800000,74791500,0.01136,0.00749,193.5,193.1
Canada,2011,220,71200000,71199780,0.00031,0.0,0.0,0.0
Canada,2012,620,73800000,73799380,0.00084,0.0005300000000000001,171.0,181.8
Canada,2013,1600,77500000,77498400,0.00206,0.0012200000000000002,145.2,158.1
Canada,2014,2800,80000000,79997200,0.0035,0.0014399999999999999,69.9,75.0
Canada,2015,4400,81800000,81795600,0.00538,0.0018800000000000002,53.7,57.1
Canada,2016,5200,86400000,86394800,0.00602,0.0006399999999999999,11.9,18.2
Canada,2017,8700,86300000,86291300,0.01008,0.00406,67.4,67.3
Canada,2018,23000,85600000,85577000,0.02687,0.01679,166.6,164.4
Canada,2019,32000,81300000,81268000,0.03936,0.012489999999999998,46.5,39.1
Canada,2020,37000,71800000,71763000,0.05153,0.01217,30.9,15.6
Canada,2021,59000,74900000,74841000,0.07877,0.027240000000000007,52.9,59.5
Canada,2022,85000,74800000,74715000,0.11364,0.03487,44.3,44.1
Chile,2011,6,71200000,71199994,1e-05,0.0,0.0,0.0
Chile,2012,5,73800000,73799995,1e-05,0.0,0.0,-16.7
Chile,2013,5,77500000,77499995,1e-05,0.0,0.0,0.0
Chile,2014,3,80000000,79999997,0.0,-1e-05,-100.0,-40.0
Chile,2015,13,81800000,81799987,2e-05,2e-05,inf,333.3
Chile,2016,22,86400000,86399978,3e-05,9.999999999999999e-06,50.0,69.2
Chile,2017,120,86300000,86299880,0.00014,0.00010999999999999999,366.7,445.5
Chile,2018,110,85600000,85599890,0.00013,-9.999999999999999e-06,-7.1,-8.3
Chile,2019,160,81300000,81299840,0.0002,7.000000000000002e-05,53.8,45.5
Chile,2020,110,71800000,71799890,0.00015,-5.000000000000002e-05,-25.0,-31.2
Chile,2021,270,74900000,74899730,0.00036,0.00021000000000000004,140.0,145.5
Chile,2022,880,74800000,74799120,0.00118,0.00082,227.8,225.9
China,2010,1100,66700000,66698900,0.00165,0.0,0.0,0.0
China,2011,4800,71200000,71195200,0.00674,0.005090000000000001,308.5,336.4
China,2012,9600,73800000,73790400,0.01301,0.00627,93.0,100.0
China,2013,15000,77500000,77485000,0.01935,0.006339999999999998,48.7,56.2
China,2014,49000,80000000,79951000,0.06125,0.0419,216.5,226.7
China,2015,150000,81800000,81650000,0.18337,0.12212,199.4,206.1
China,2016,260000,86400000,86140000,0.30093,0.11755999999999997,64.1,73.3
China,2017,470000,86300000,85830000,0.54461,0.24368000000000006,81.0,80.8
China,2018,820000,85600000,84780000,0.95794,0.41333,75.9,74.5
China,2019,830000,81300000,80470000,1.02091,0.06296999999999997,6.6,1.2
China,2020,920000,71800000,70880000,1.28134,0.26042999999999994,25.5,10.8
China,2021,2700000,74900000,72200000,3.60481,2.3234700000000004,181.3,193.5
China,2022,4400000,74800000,70400000,5.88235,2.2775399999999997,63.2,63.0
Denmark,2011,420,71200000,71199580,0.00059,0.0,0.0,0.0
Denmark,2012,490,73800000,73799510,0.00066,6.999999999999997e-05,11.9,16.7
Denmark,2013,500,77500000,77499500,0.00065,-1.0000000000000026e-05,-1.5,2.0
Denmark,2014,1600,80000000,79998400,0.002,0.00135,207.7,220.0
Denmark,2015,4300,81800000,81795700,0.00526,0.00326,163.0,168.8
Denmark,2016,1300,86400000,86398700,0.0015,-0.00376,-71.5,-69.8
Denmark,2017,710,86300000,86299290,0.00082,-0.00068,-45.3,-45.4
Denmark,2018,1500,85600000,85598500,0.00175,0.00093,113.4,111.3
Denmark,2019,5500,81300000,81294500,0.00677,0.00502,286.9,266.7
Denmark,2020,14000,71800000,71786000,0.0195,0.01273,188.0,154.5
Denmark,2021,25000,74900000,74875000,0.03338,0.01388,71.2,78.6
Denmark,2022,31000,74800000,74769000,0.04144,0.008059999999999998,24.1,24.0
EU27,2010,1400,66700000,66698600,0.0021,0.0,0.0,0.0
EU27,2011,6700,71200000,71193300,0.00941,0.0073100000000000005,348.1,378.6
EU27,2012,12000,73800000,73788000,0.01626,0.00685,72.8,79.1
EU27,2013,21000,77500000,77479000,0.0271,0.010839999999999999,66.7,75.0
EU27,2014,32000,80000000,79968000,0.04,0.012900000000000002,47.6,52.4
EU27,2015,49000,81800000,81751000,0.0599,0.0199,49.8,53.1
EU27,2016,53000,86400000,86347000,0.06134,0.0014399999999999968,2.4,8.2
EU27,2017,84000,86300000,86216000,0.09733,0.03599,58.7,58.5
EU27,2018,130000,85600000,85470000,0.15187,0.054540000000000005,56.0,54.8
EU27,2019,250000,81300000,81050000,0.3075,0.15563,102.5,92.3
EU27,2020,540000,71800000,71260000,0.75209,0.44459000000000004,144.6,116.0
EU27,2021,880000,74900000,74020000,1.1749,0.42281,56.2,63.0
EU27,2022,1100000,74800000,73700000,1.47059,0.29569,25.2,25.0
Europe,2010,2000,66700000,66698000,0.003,0.0,0.0,0.0
Europe,2011,10000,71200000,71190000,0.01404,0.011040000000000001,368.0,400.0
Europe,2012,18000,73800000,73782000,0.02439,0.010349999999999998,73.7,80.0
Europe,2013,33000,77500000,77467000,0.04258,0.01819,74.6,83.3
Europe,2014,62000,80000000,79938000,0.0775,0.03492,82.0,87.9
Europe,2015,88000,81800000,81712000,0.10758,0.030079999999999996,38.8,41.9
Europe,2016,92000,86400000,86308000,0.10648,-0.0010999999999999899,-1.0,4.5
Europe,2017,140000,86300000,86160000,0.16222,0.05574,52.3,52.2
Europe,2018,200000,85600000,85400000,0.23364,0.07141999999999998,44.0,42.9
Europe,2019,360000,81300000,80940000,0.4428,0.20916000000000004,89.5,80.0
Europe,2020,750000,71800000,71050000,1.04457,0.6017699999999999,135.9,108.3
Europe,2021,1200000,74900000,73700000,1.60214,0.5575699999999999,53.4,60.0
Europe,2022,1600000,74800000,73200000,2.13904,0.5369000000000002,33.5,33.3
Finland,2011,30,71200000,71199970,4e-05,0.0,0.0,0.0
Finland,2012,51,73800000,73799949,7e-05,2.999999999999999e-05,75.0,70.0
Finland,2013,50,77500000,77499950,6e-05,-9.999999999999992e-06,-14.3,-2.0
Finland,2014,180,80000000,79999820,0.00022,0.00016,266.7,260.0
Finland,2015,240,81800000,81799760,0.00029,7e-05,31.8,33.3
Finland,2016,220,86400000,86399780,0.00025,-3.9999999999999996e-05,-13.8,-8.3
Finland,2017,500,86300000,86299500,0.00058,0.00033,132.0,127.3
Finland,2018,780,85600000,85599220,0.00091,0.00033,56.9,56.0
Finland,2019,1900,81300000,81298100,0.00234,0.00143,157.1,143.6
Finland,2020,4200,71800000,71795800,0.00585,0.00351,150.0,121.1
Finland,2021,10000,74900000,74890000,0.01335,0.007500000000000001,128.2,138.1
Finland,2022,15000,74800000,74785000,0.02005,0.006699999999999998,50.2,50.0
France,2010,190,66700000,66699810,0.00028,0.0,0.0,0.0
France,2011,2600,71200000,71197400,0.00365,0.00337,1203.6,1268.4
France,2012,5700,73800000,73794300,0.00772,0.004070000000000001,111.5,119.2
France,2013,8800,77500000,77491200,0.01135,0.0036300000000000004,47.0,54.4
France,2014,11000,80000000,79989000,0.01375,0.0023999999999999994,21.1,25.0
France,2015,17000,81800000,81783000,0.02078,0.00703,51.1,54.5
France,2016,22000,86400000,86378000,0.02546,0.00468,22.5,29.4
France,2017,25000,86300000,86275000,0.02897,0.0035099999999999992,13.8,13.6
France,2018,31000,85600000,85569000,0.03621,0.00724,25.0,24.0
France,2019,43000,81300000,81257000,0.05289,0.01668,46.1,38.7
France,2020,110000,71800000,71690000,0.1532,0.10031000000000001,189.7,155.8
France,2021,160000,74900000,74740000,0.21362,0.06042,39.4,45.5
France,2022,210000,74800000,74590000,0.28075,0.06713,31.4,31.2
Germany,2010,140,66700000,66699860,0.00021,0.0,0.0,0.0
Germany,2011,1400,71200000,71198600,0.00197,0.0017599999999999998,838.1,900.0
Germany,2012,2200,73800000,73797800,0.00298,0.00101,51.3,57.1
Germany,2013,5200,77500000,77494800,0.00671,0.00373,125.2,136.4
Germany,2014,9100,80000000,79990900,0.01138,0.00467,69.6,75.0
Germany,2015,12000,81800000,81788000,0.01467,0.0032900000000000013,28.9,31.9
Germany,2016,11000,86400000,86389000,0.01273,-0.0019400000000000008,-13.2,-8.3
Germany,2017,25000,86300000,86275000,0.02897,0.016239999999999997,127.6,127.3
Germany,2018,36000,85600000,85564000,0.04206,0.013090000000000001,45.2,44.0
Germany,2019,63000,81300000,81237000,0.07749,0.03543,84.2,75.0
Germany,2020,190000,71800000,71610000,0.26462,0.18713000000000002,241.5,201.6
Germany,2021,360000,74900000,74540000,0.48064,0.21602,81.6,89.5
Germany,2022,470000,74800000,74330000,0.62834,0.1477,30.7,30.6
Greece,2013,3,77500000,77499997,0.0,0.0,0.0,0.0
Greece,2014,39,80000000,79999961,5e-05,5e-05,inf,1200.0
Greece,2015,35,81800000,81799965,4e-05,-9.999999999999999e-06,-20.0,-10.3
Greece,2016,41,86400000,86399959,5e-05,9.999999999999999e-06,25.0,17.1
Greece,2017,50,86300000,86299950,6e-05,9.999999999999999e-06,20.0,22.0
Greece,2018,88,85600000,85599912,0.0001,4e-05,66.7,76.0
Greece,2019,190,81300000,81299810,0.00023,0.00013000000000000002,130.0,115.9
Greece,2020,680,71800000,71799320,0.00095,0.0007199999999999999,313.0,257.9
Greece,2021,2200,74900000,74897800,0.00294,0.00199,209.5,223.5
Greece,2022,2800,74800000,74797200,0.00374,0.0007999999999999999,27.2,27.3
Iceland,2012,17,73800000,73799983,2e-05,0.0,0.0,0.0
Iceland,2013,80,77500000,77499920,0.0001,8e-05,400.0,370.6
Iceland,2014,200,80000000,79999800,0.00025,0.00015000000000000001,150.0,150.0
Iceland,2015,390,81800000,81799610,0.00048,0.00023,92.0,95.0
Iceland,2016,380,86400000,86399620,0.00044,-3.9999999999999996e-05,-8.3,-2.6
Iceland,2017,850,86300000,86299150,0.00098,0.0005399999999999999,122.7,123.7
Iceland,2018,780,85600000,85599220,0.00091,-6.999999999999997e-05,-7.1,-8.2
Iceland,2019,910,81300000,81299090,0.00112,0.0002099999999999999,23.1,16.7
Iceland,2020,2600,71800000,71797400,0.00362,0.0025,223.2,185.7
Iceland,2021,4300,74900000,74895700,0.00574,0.0021200000000000004,58.6,65.4
Iceland,2022,6900,74800000,74793100,0.00922,0.0034800000000000005,60.6,60.5
India,2010,450,66700000,66699550,0.00067,0.0,0.0,0.0
India,2011,1400,71200000,71198600,0.00197,0.0013,194.0,211.1
India,2012,190,73800000,73799810,0.00026,-0.00171,-86.8,-86.4
India,2013,410,77500000,77499590,0.00053,0.00027,103.8,115.8
India,2014,1000,80000000,79999000,0.00125,0.00072,135.8,143.9
India,2015,450,81800000,81799550,0.00055,-0.0007,-56.0,-55.0
India,2016,730,86400000,86399270,0.00084,0.00029,52.7,62.2
India,2017,920,86300000,86299080,0.00107,0.00022999999999999995,27.4,26.0
India,2018,920,85600000,85599080,0.00107,0.0,0.0,0.0
India,2019,680,81300000,81299320,0.00084,-0.00022999999999999995,-21.5,-26.1
India,2020,3100,71800000,71796900,0.00432,0.00348,414.3,355.9
India,2021,12000,74900000,74888000,0.01602,0.011699999999999999,270.8,287.1
India,2022,48000,74800000,74752000,0.06417,0.048150000000000005,300.6,300.0
Israel,2011,3,71200000,71199997,0.0,0.0,0.0,0.0
Israel,2012,600,73800000,73799400,0.00081,0.00081,inf,19900.0
Israel,2013,460,77500000,77499540,0.00059,-0.00021999999999999993,-27.2,-23.3
Israel,2014,6,80000000,79999994,1e-05,-0.00058,-98.3,-98.7
Israel,2015,3,81800000,81799997,0.0,-1e-05,-100.0,-50.0
Israel,2016,5,86400000,86399995,1e-05,1e-05,inf,66.7
Israel,2017,130,86300000,86299870,0.00015,0.00014,1400.0,2500.0
Israel,2018,130,85600000,85599870,0.00015,0.0,0.0,0.0
Israel,2019,850,81300000,81299150,0.00105,0.0009,600.0,553.8
Israel,2020,1500,71800000,71798500,0.00209,0.00104,99.0,76.5
Israel,2021,11000,74900000,74889000,0.01469,0.0126,602.9,633.3
Israel,2022,27000,74800000,74773000,0.0361,0.02141,145.7,145.5
Italy,2010,40,66700000,66699960,6e-05,0.0,0.0,0.0
Italy,2011,110,71200000,71199890,0.00015,8.999999999999999e-05,150.0,175.0
Italy,2012,460,73800000,73799540,0.00062,0.00047000000000000004,313.3,318.2
Italy,2013,860,77500000,77499140,0.00111,0.0004900000000000001,79.0,87.0
Italy,2014,1000,80000000,79999000,0.00125,0.00013999999999999993,12.6,16.3
Italy,2015,1500,81800000,81798500,0.00183,0.00058,46.4,50.0
Italy,2016,1400,86400000,86398600,0.00162,-0.00021000000000000012,-11.5,-6.7
Italy,2017,2000,86300000,86298000,0.00232,0.0007000000000000001,43.2,42.9
Italy,2018,5000,85600000,85595000,0.00584,0.0035199999999999997,151.7,150.0
Italy,2019,11000,81300000,81289000,0.01353,0.007690000000000001,131.7,120.0
Italy,2020,33000,71800000,71767000,0.04596,0.03243,239.7,200.0
Italy,2021,67000,74900000,74833000,0.08945,0.04349,94.6,103.0
Italy,2022,49000,74800000,74751000,0.06551,-0.023940000000000003,-26.8,-26.9
Japan,2010,2400,66700000,66697600,0.0036,0.0,0.0,0.0
Japan,2011,13000,71200000,71187000,0.01826,0.01466,407.2,441.7
Japan,2012,13000,73800000,73787000,0.01762,-0.0006399999999999982,-3.5,0.0
Japan,2013,15000,77500000,77485000,0.01935,0.001729999999999999,9.8,15.4
Japan,2014,16000,80000000,79984000,0.02,0.0006500000000000013,3.4,6.7
Japan,2015,10000,81800000,81790000,0.01222,-0.0077800000000000005,-38.9,-37.5
Japan,2016,15000,86400000,86385000,0.01736,0.0051400000000000005,42.1,50.0
Japan,2017,18000,86300000,86282000,0.02086,0.0034999999999999996,20.2,20.0
Japan,2018,27000,85600000,85573000,0.03154,0.010679999999999999,51.2,50.0
Japan,2019,21000,81300000,81279000,0.02583,-0.00571,-18.1,-22.2
Japan,2020,15000,71800000,71785000,0.02089,-0.00494,-19.1,-28.6
Japan,2021,22000,74900000,74878000,0.02937,0.008480000000000001,40.6,46.7
Japan,2022,61000,74800000,74739000,0.08155,0.05218,177.7,177.3
Korea,2010,61,66700000,66699939,9e-05,0.0,0.0,0.0
Korea,2011,270,71200000,71199730,0.00038,0.00029,322.2,342.6
Korea,2012,510,73800000,73799490,0.00069,0.00030999999999999995,81.6,88.9
Korea,2013,600,77500000,77499400,0.00077,7.999999999999999e-05,11.6,17.6
Korea,2014,1300,80000000,79998700,0.00162,0.00085,110.4,116.7
Korea,2015,3100,81800000,81796900,0.00379,0.00217,134.0,138.5
Korea,2016,4700,86400000,86395300,0.00544,0.0016500000000000004,43.5,51.6
Korea,2017,14000,86300000,86286000,0.01622,0.010779999999999998,198.2,197.9
Korea,2018,55000,85600000,85545000,0.06425,0.04803,296.1,292.9
Korea,2019,33000,81300000,81267000,0.04059,-0.02366,-36.8,-40.0
Korea,2020,31000,71800000,71769000,0.04318,0.002590000000000002,6.4,-6.1
Korea,2021,72000,74900000,74828000,0.09613,0.05294999999999999,122.6,132.3
Korea,2022,120000,74800000,74680000,0.16043,0.0643,66.9,66.7
Mexico,2011,3,71200000,71199997,0.0,0.0,0.0,0.0
Mexico,2012,88,73800000,73799912,0.00012,0.00012,inf,2833.3
Mexico,2013,12,77500000,77499988,2e-05,-0.0001,-83.3,-86.4
Mexico,2014,48,80000000,79999952,6e-05,3.9999999999999996e-05,200.0,300.0
Mexico,2015,92,81800000,81799908,0.00011,5e-05,83.3,91.7
Mexico,2016,250,86400000,86399750,0.00029,0.00017999999999999998,163.6,171.7
Mexico,2017,230,86300000,86299770,0.00027,-1.9999999999999998e-05,-6.9,-8.0
Mexico,2018,200,85600000,85599800,0.00023,-3.9999999999999996e-05,-14.8,-13.0
Mexico,2019,290,81300000,81299710,0.00036,0.00013000000000000002,56.5,45.0
Mexico,2020,1800,71800000,71798200,0.00251,0.00215,597.2,520.7
Mexico,2021,3000,74900000,74897000,0.00401,0.0014999999999999996,59.8,66.7
Mexico,2022,4400,74800000,74795600,0.00588,0.0018700000000000001,46.6,46.7
Netherlands,2010,120,66700000,66699880,0.00018,0.0,0.0,0.0
Netherlands,2011,860,71200000,71199140,0.00121,0.0010299999999999999,572.2,616.7
Netherlands,2012,790,73800000,73799210,0.00107,-0.00013999999999999993,-11.6,-8.1
Netherlands,2013,2600,77500000,77497400,0.00335,0.00228,213.1,229.1
Netherlands,2014,2700,80000000,79997300,0.00338,3.000000000000008e-05,0.9,3.8
Netherlands,2015,3800,81800000,81796200,0.00465,0.0012699999999999994,37.6,40.7
Netherlands,2016,4100,86400000,86395900,0.00475,0.00010000000000000026,2.2,7.9
Netherlands,2017,9200,86300000,86290800,0.01066,0.0059099999999999995,124.4,124.4
Netherlands,2018,24000,85600000,85576000,0.02804,0.01738,163.0,160.9
Netherlands,2019,62000,81300000,81238000,0.07626,0.04822,172.0,158.3
Netherlands,2020,73000,71800000,71727000,0.10167,0.025410000000000002,33.3,17.7
Netherlands,2021,64000,74900000,74836000,0.08545,-0.01622,-16.0,-12.3
Netherlands,2022,73000,74800000,74727000,0.09759,0.012139999999999998,14.2,14.1
New Zealand,2010,10,66700000,66699990,1e-05,0.0,0.0,0.0
New Zealand,2011,13,71200000,71199987,2e-05,1e-05,100.0,30.0
New Zealand,2012,22,73800000,73799978,3e-05,9.999999999999999e-06,50.0,69.2
New Zealand,2013,30,77500000,77499970,4e-05,1.0000000000000003e-05,33.3,36.4
New Zealand,2014,110,80000000,79999890,0.00014,9.999999999999999e-05,250.0,266.7
New Zealand,2015,300,81800000,81799700,0.00037,0.00023,164.3,172.7
New Zealand,2016,1200,86400000,86398800,0.00139,0.00102,275.7,300.0
New Zealand,2017,2900,86300000,86297100,0.00336,0.0019700000000000004,141.7,141.7
New Zealand,2018,4400,85600000,85595600,0.00514,0.0017799999999999995,53.0,51.7
New Zealand,2019,5300,81300000,81294700,0.00652,0.0013800000000000002,26.8,20.5
New Zealand,2020,3900,71800000,71796100,0.00543,-0.0010899999999999998,-16.7,-26.4
New Zealand,2021,6800,74900000,74893200,0.00908,0.0036499999999999996,67.2,74.4
New Zealand,2022,19000,74800000,74781000,0.0254,0.01632,179.7,179.4
Norway,2010,360,66700000,66699640,0.00054,0.0,0.0,0.0
Norway,2011,2000,71200000,71198000,0.00281,0.00227,420.4,455.6
Norway,2012,3900,73800000,73796100,0.00528,0.00247,87.9,95.0
Norway,2013,7900,77500000,77492100,0.01019,0.0049099999999999994,93.0,102.6
Norway,2014,20000,80000000,79980000,0.025,0.014810000000000002,145.3,153.2
Norway,2015,26000,81800000,81774000,0.03178,0.006780000000000001,27.1,30.0
Norway,2016,24000,86400000,86376000,0.02778,-0.0040000000000000036,-12.6,-7.7
Norway,2017,33000,86300000,86267000,0.03824,0.010460000000000004,37.7,37.5
Norway,2018,46000,85600000,85554000,0.05374,0.0155,40.5,39.4
Norway,2019,60000,81300000,81240000,0.0738,0.02006,37.3,30.4
Norway,2020,77000,71800000,71723000,0.10724,0.03344,45.3,28.3
Norway,2021,110000,74900000,74790000,0.14686,0.03961999999999999,36.9,42.9
Norway,2022,150000,74800000,74650000,0.20053,0.05367000000000002,36.5,36.4
Other Europe,2010,21,66700000,66699979,3e-05,0.0,0.0,0.0
Other Europe,2011,180,71200000,71199820,0.00025,0.00022,733.3,757.1
Other Europe,2012,750,73800000,73799250,0.00102,0.0007700000000000001,308.0,316.7
Other Europe,2013,220,77500000,77499780,0.00028,-0.0007400000000000001,-72.5,-70.7
Other Europe,2014,1200,80000000,79998800,0.0015,0.0012200000000000002,435.7,445.5
Other Europe,2015,1300,81800000,81798700,0.00159,9.000000000000002e-05,6.0,8.3
Other Europe,2016,1500,86400000,86398500,0.00174,0.00014999999999999996,9.4,15.4
Other Europe,2017,3200,86300000,86296800,0.00371,0.0019700000000000004,113.2,113.3
Other Europe,2018,6300,85600000,85593700,0.00736,0.00365,98.4,96.9
Other Europe,2019,11000,81300000,81289000,0.01353,0.00617,83.8,74.6
Other Europe,2020,21000,71800000,71779000,0.02925,0.01572,116.2,90.9
Other Europe,2021,35000,74900000,74865000,0.04673,0.01748,59.8,66.7
Other Europe,2022,53000,74800000,74747000,0.07086,0.024130000000000006,51.6,51.4
Poland,2010,15,66700000,66699985,2e-05,0.0,0.0,0.0
Poland,2011,43,71200000,71199957,6e-05,3.9999999999999996e-05,200.0,186.7
Poland,2012,44,73800000,73799956,6e-05,0.0,0.0,2.3
Poland,2013,31,77500000,77499969,4e-05,-1.9999999999999998e-05,-33.3,-29.5
Poland,2014,140,80000000,79999860,0.00018,0.00014000000000000001,350.0,351.6
Poland,2015,70,81800000,81799930,9e-05,-9e-05,-50.0,-50.0
Poland,2016,110,86400000,86399890,0.00013,3.999999999999998e-05,44.4,57.1
Poland,2017,440,86300000,86299560,0.00051,0.00038,292.3,300.0
Poland,2018,620,85600000,85599380,0.00072,0.00021,41.2,40.9
Poland,2019,1500,81300000,81298500,0.00185,0.00113,156.9,141.9
Poland,2020,3700,71800000,71796300,0.00515,0.0033,178.4,146.7
Poland,2021,7200,74900000,74892800,0.00961,0.00446,86.6,94.6
Poland,2022,14000,74800000,74786000,0.01872,0.00911,94.8,94.4
Portugal,2010,720,66700000,66699280,0.00108,0.0,0.0,0.0
Portugal,2011,190,71200000,71199810,0.00027,-0.00081,-75.0,-73.6
Portugal,2012,52,73800000,73799948,7e-05,-0.0002,-74.1,-72.6
Portugal,2013,170,77500000,77499830,0.00022,0.00015000000000000001,214.3,226.9
Portugal,2014,190,80000000,79999810,0.00024,1.9999999999999998e-05,9.1,11.8
Portugal,2015,640,81800000,81799360,0.00078,0.00054,225.0,236.8
Portugal,2016,810,86400000,86399190,0.00094,0.00015999999999999999,20.5,26.6
Portugal,2017,1900,86300000,86298100,0.0022,0.0012600000000000003,134.0,134.6
Portugal,2018,4100,85600000,85595900,0.00479,0.00259,117.7,115.8
Portugal,2019,6900,81300000,81293100,0.00849,0.0036999999999999993,77.2,68.3
Portugal,2020,7800,71800000,71792200,0.01086,0.0023700000000000006,27.9,13.0
Portugal,2021,13000,74900000,74887000,0.01736,0.006500000000000001,59.9,66.7
Portugal,2022,18000,74800000,74782000,0.02406,0.006700000000000001,38.6,38.5
Rest of the world,2011,42,71200000,71199958,6e-05,0.0,0.0,0.0
Rest of the world,2012,280,73800000,73799720,0.00038,0.00032,533.3,566.7
Rest of the world,2013,140,77500000,77499860,0.00018,-0.0002,-52.6,-50.0
Rest of the world,2014,120,80000000,79999880,0.00015,-3.0000000000000024e-05,-16.7,-14.3
Rest of the world,2015,3300,81800000,81796700,0.00403,0.0038799999999999998,2586.7,2650.0
Rest of the world,2016,890,86400000,86399110,0.00103,-0.0029999999999999996,-74.4,-73.0
Rest of the world,2017,1700,86300000,86298300,0.00197,0.0009399999999999999,91.3,91.0
Rest of the world,2018,1600,85600000,85598400,0.00187,-0.00010000000000000005,-5.1,-5.9
Rest of the world,2019,4000,81300000,81296000,0.00492,0.0030499999999999998,163.1,150.0
Rest of the world,2020,5700,71800000,71794300,0.00794,0.0030199999999999992,61.4,42.5
Rest of the world,2021,14000,74900000,74886000,0.01869,0.01075,135.4,145.6
Rest of the world,2022,25000,74800000,74775000,0.03342,0.01473,78.8,78.6
South Africa,2013,34,77500000,77499966,4e-05,0.0,0.0,0.0
South Africa,2014,14,80000000,79999986,2e-05,-2e-05,-50.0,-58.8
South Africa,2015,120,81800000,81799880,0.00015,0.00013,650.0,757.1
South Africa,2016,100,86400000,86399900,0.00012,-2.9999999999999984e-05,-20.0,-16.7
South Africa,2017,68,86300000,86299932,8e-05,-3.9999999999999996e-05,-33.3,-32.0
South Africa,2018,66,85600000,85599934,8e-05,0.0,0.0,-2.9
South Africa,2019,160,81300000,81299840,0.0002,0.00012,150.0,142.4
South Africa,2020,92,71800000,71799908,0.00013,-7.000000000000002e-05,-35.0,-42.5
South Africa,2021,220,74900000,74899780,0.00029,0.00016,123.1,139.1
South Africa,2022,500,74800000,74799500,0.00067,0.00038,131.0,127.3
Spain,2010,76,66700000,66699924,0.00011,0.0,0.0,0.0
Spain,2011,390,71200000,71199610,0.00055,0.00044,400.0,413.2
Spain,2012,430,73800000,73799570,0.00058,2.999999999999997e-05,5.5,10.3
Spain,2013,810,77500000,77499190,0.00105,0.00046999999999999993,81.0,88.4
Spain,2014,1400,80000000,79998600,0.00175,0.0007000000000000001,66.7,72.8
Spain,2015,1300,81800000,81798700,0.00159,-0.00015999999999999999,-9.1,-7.1
Spain,2016,2000,86400000,86398000,0.00231,0.0007199999999999999,45.3,53.8
Spain,2017,3900,86300000,86296100,0.00452,0.0022099999999999997,95.7,95.0
Spain,2018,6000,85600000,85594000,0.00701,0.00249,55.1,53.8
Spain,2019,10000,81300000,81290000,0.0123,0.00529,75.5,66.7
Spain,2020,18000,71800000,71782000,0.02507,0.012769999999999998,103.8,80.0
Spain,2021,24000,74900000,74876000,0.03204,0.0069700000000000005,27.8,33.3
Spain,2022,33000,74800000,74767000,0.04412,0.01208,37.7,37.5
Sweden,2010,4,66700000,66699996,1e-05,0.0,0.0,0.0
Sweden,2011,180,71200000,71199820,0.00025,0.00024,2400.0,4400.0
Sweden,2012,270,73800000,73799730,0.00037,0.00011999999999999999,48.0,50.0
Sweden,2013,430,77500000,77499570,0.00055,0.00018000000000000004,48.6,59.3
Sweden,2014,1200,80000000,79998800,0.0015,0.00095,172.7,179.1
Sweden,2015,3000,81800000,81797000,0.00367,0.00217,144.7,150.0
Sweden,2016,2900,86400000,86397100,0.00336,-0.00030999999999999995,-8.4,-3.3
Sweden,2017,4400,86300000,86295600,0.0051,0.0017400000000000002,51.8,51.7
Sweden,2018,7100,85600000,85592900,0.00829,0.00319,62.5,61.4
Sweden,2019,16000,81300000,81284000,0.01968,0.011389999999999999,137.4,125.4
Sweden,2020,28000,71800000,71772000,0.039,0.01932,98.2,75.0
Sweden,2021,57000,74900000,74843000,0.0761,0.0371,95.1,103.6
Sweden,2022,96000,74800000,74704000,0.12834,0.05224000000000001,68.6,68.4
Switzerland,2011,400,71200000,71199600,0.00056,0.0,0.0,0.0
Switzerland,2012,340,73800000,73799660,0.00046,-9.999999999999994e-05,-17.9,-15.0
Switzerland,2013,1200,77500000,77498800,0.00155,0.0010899999999999998,237.0,252.9
Switzerland,2014,2700,80000000,79997300,0.00338,0.0018300000000000002,118.1,125.0
Switzerland,2015,3300,81800000,81796700,0.00403,0.0006499999999999995,19.2,22.2
Switzerland,2016,3300,86400000,86396700,0.00382,-0.00020999999999999968,-5.2,0.0
Switzerland,2017,4800,86300000,86295200,0.00556,0.0017399999999999998,45.5,45.5
Switzerland,2018,5100,85600000,85594900,0.00596,0.0004000000000000002,7.2,6.2
Switzerland,2019,13000,81300000,81287000,0.01599,0.01003,168.3,154.9
Switzerland,2020,20000,71800000,71780000,0.02786,0.011869999999999999,74.2,53.8
Switzerland,2021,32000,74900000,74868000,0.04272,0.014860000000000002,53.3,60.0
Switzerland,2022,40000,74800000,74760000,0.05348,0.010759999999999999,25.2,25.0
Turkiye,2012,92,73800000,73799908,0.00012,0.0,0.0,0.0
Turkiye,2014,46,80000000,79999954,6e-05,-6e-05,-50.0,-50.0
Turkiye,2015,120,81800000,81799880,0.00015,8.999999999999999e-05,150.0,160.9
Turkiye,2016,44,86400000,86399956,5e-05,-9.999999999999999e-05,-66.7,-63.3
Turkiye,2017,77,86300000,86299923,9e-05,4e-05,80.0,75.0
Turkiye,2018,190,85600000,85599810,0.00022,0.00013000000000000002,144.4,146.8
Turkiye,2019,230,81300000,81299770,0.00028,5.999999999999997e-05,27.3,21.1
Turkiye,2020,890,71800000,71799110,0.00124,0.00096,342.9,287.0
Turkiye,2021,3000,74900000,74897000,0.00401,0.00277,223.4,237.1
Turkiye,2022,7000,74800000,74793000,0.00936,0.005350000000000001,133.4,133.3
USA,2010,1200,66700000,66698800,0.0018,0.0,0.0,0.0
USA,2011,9800,71200000,71190200,0.01376,0.01196,664.4,716.7
USA,2012,15000,73800000,73785000,0.02033,0.006570000000000001,47.7,53.1
USA,2013,48000,77500000,77452000,0.06194,0.04161,204.7,220.0
USA,2014,63000,80000000,79937000,0.07875,0.01681,27.1,31.2
USA,2015,71000,81800000,81729000,0.0868,0.008050000000000002,10.2,12.7
USA,2016,87000,86400000,86313000,0.10069,0.01389,16.0,22.5
USA,2017,100000,86300000,86200000,0.11587,0.015179999999999999,15.1,14.9
USA,2018,240000,85600000,85360000,0.28037,0.1645,142.0,140.0
USA,2019,240000,81300000,81060000,0.2952,0.01483000000000001,5.3,0.0
USA,2020,230000,71800000,71570000,0.32033,0.025129999999999986,8.5,-4.2
USA,2021,470000,74900000,74430000,0.6275,0.30716999999999994,95.9,104.3
USA,2022,800000,74800000,74000000,1.06952,0.4420200000000001,70.4,70.2
United Kingdom,2010,240,66700000,66699760,0.00036,0.0,0.0,0.0
United Kingdom,2011,1200,71200000,71198800,0.00169,0.00133,369.4,400.0
United Kingdom,2012,1600,73800000,73798400,0.00217,0.00047999999999999996,28.4,33.3
United Kingdom,2013,2600,77500000,77497400,0.00335,0.00118,54.4,62.5
United Kingdom,2014,6700,80000000,79993300,0.00838,0.00503,150.1,157.7
United Kingdom,2015,10000,81800000,81790000,0.01222,0.0038399999999999997,45.8,49.3
United Kingdom,2016,10000,86400000,86390000,0.01157,-0.0006499999999999995,-5.3,0.0
United Kingdom,2017,14000,86300000,86286000,0.01622,0.004649999999999998,40.2,40.0
United Kingdom,2018,16000,85600000,85584000,0.01869,0.00247,15.2,14.3
United Kingdom,2019,38000,81300000,81262000,0.04674,0.02805,150.1,137.5
United Kingdom,2020,110000,71800000,71690000,0.1532,0.10646,227.8,189.5
United Kingdom,2021,190000,74900000,74710000,0.25367,0.10047,65.6,72.7
United Kingdom,2022,270000,74800000,74530000,0.36096,0.10729,42.3,42.1
World,2010,7200,66700000,66692800,0.01079,0.0,0.0,0.0
World,2011,39000,71200000,71161000,0.05478,0.04399,407.7,441.7
World,2012,58000,73800000,73742000,0.07859,0.02380999999999999,43.5,48.7
World,2013,110000,77500000,77390000,0.14194,0.06335000000000002,80.6,89.7
World,2014,200000,80000000,79800000,0.25,0.10805999999999999,76.1,81.8
World,2015,330000,81800000,81470000,0.40342,0.15342,61.4,65.0
World,2016,460000,86400000,85940000,0.53241,0.12899000000000005,32.0,39.4
World,2017,760000,86300000,85540000,0.88065,0.34824,65.4,65.2
World,2018,1400000,85600000,84200000,1.63551,0.75486,85.7,84.2
World,2019,1500000,81300000,79800000,1.84502,0.20951000000000009,12.8,7.1
World,2020,2000000,71800000,69800000,2.78552,0.9404999999999999,51.0,33.3
World,2021,4600000,74900000,70300000,6.14152,3.356,120.5,130.0
World,2022,7300000,74800000,67500000,9.75936,3.6178399999999993,58.9,58.7
